position_0,position_1,position_2,density,radius
2e-3,1.96e-3,5e-5,4.386019290117343189e+03,5e-05
2e-3,1.96e-3,12e-05,4.386055798323285671e+03,2e-05